{
  "gradient": [
    3854983706865.18,
    -613580.4691449696,
    -228404.32302255835,
    1855626804.394177,
    438840.397090877,
    1854711419.6956177,
    -399775.2598853093,
    -896250.731636847,
    996692.8789761503,
    1609942.159839267,
    -50008.02494107373,
    -443005.2578099331,
    -356476.0041406299,
    934938.4559380205,
    763286.5955653504,
    70324.85205750237,
    567236.5089056249,
    267994.85785712075,
    -298667.0569357387,
    -808169.2463059558,
    -23487.8853185114,
    852690.548001127,
    708100.3291152708,
    -4074598.6457246477,
    -1831472.1076769666,
    -2657528.919558221,
    137882.3067684477,
    -19569783.778245255,
    -1813927.296825639,
    756648.8931169299,
    -350235.4874897987,
    -411003.24235726695,
    633012.0165490455,
    2496416.7033178145,
    -455158.44414949615,
    -3875528.514044005
  ],
  "primary": 38550949795.47773
}
