{
  "gradient": [
    0,
    -709.1910314493298,
    -263.99519798532367,
    709.1910314493298,
    263.99519798532367,
    0,
    -386.77216957378465,
    -867.0992798722044,
    386.77216957378465,
    867.0992798722044,
    0,
    -462.0393999025306,
    -371.7923345809455,
    462.0393999025306,
    371.7923345809455,
    0,
    555.4904777528745,
    262.44536324641615,
    -555.4904777528745,
    -262.44536324641615,
    0,
    848.5422375642638,
    704.6554451623515,
    -848.5422375642638,
    -704.6554451623515,
    0,
    162.2642366594672,
    -708.3282575493197,
    -162.2642366594672,
    708.3282575493197,
    0,
    -386.2301348150629,
    594.8573911219167,
    386.2301348150629,
    -594.8573911219167,
    0
  ],
  "primary": 1112726.825929743,
  "secondary": []
}
