{
  "gradient": [
    0,
    0,
    0,
    0,
    0,
    0,
    -0.4073647652719912,
    -0.913265540801193,
    0.4073647652719912,
    0.913265540801193,
    -1,
    0,
    0,
    0,
    0,
    0,
    0,
    0,
    0,
    0,
    0,
    0,
    0,
    0,
    0,
    0,
    0,
    0,
    0,
    0,
    0,
    0,
    0,
    0,
    0,
    0
  ],
  "primary": 459.5499073898426,
  "secondary": []
}
