{
  "gradient": [
    0,
    0,
    0,
    1455.1193576313499,
    210.43607406831873,
    1807.2717114214815,
    0,
    0,
    596.917619090841,
    713.6914282024201,
    930.4117898386114,
    0,
    0,
    491.93319812808744,
    406.8105914247204,
    638.3518847123888,
    0,
    0,
    268.5694519698861,
    -540.174388448835,
    603.2560985746252,
    0,
    0,
    -3221.9080977235208,
    -1123.371778561696,
    -1550.2604598292912,
    0,
    0,
    -1676.0449900571914,
    154.75450091552227,
    -325.8157915366311,
    0,
    0,
    2085.4134609605476,
    177.85357239954945,
    -2292.2259675795453
  ],
  "primary": 1519672.626366046,
  "secondary": []
}
