{
  "gradient": [
    0,
    0,
    0,
    0,
    0,
    0,
    0,
    0,
    0,
    0,
    0,
    0,
    0,
    0,
    0,
    0,
    0,
    0,
    0,
    0,
    0,
    0,
    0,
    0,
    0,
    0,
    0,
    0,
    -915.5423399592179,
    21.390703891407743,
    915.7921917503829,
    0,
    0,
    915.5423399592179,
    -21.390703891407743,
    -915.7921917503829
  ],
  "primary": 209668.83461774254
}
