{
  "gradient": [
    0,
    -612.8712781135202,
    -228.14032782457298,
    1855626.0952031454,
    438.5764018928917,
    1854711.4196956176,
    -399.3884877157355,
    -895.3836323569744,
    996.3061068065765,
    1609.0750605593946,
    -50.0080249410737,
    -442.5432184100306,
    -356.1042118060491,
    934.476416538118,
    762.9148032307694,
    70.32485205750231,
    566.6810184278719,
    267.73241249387434,
    -298.1115664579858,
    -807.9068009427092,
    -23.487885318511417,
    851.8420057635627,
    707.3956736701084,
    -4073.7501034870834,
    -1830.7674522318043,
    -2657.528919558221,
    137.72004253178827,
    -601.1860639438582,
    -1813.7650325889797,
    755.9405648593804,
    -350.23548748979874,
    -410.6170122224519,
    632.4171591579236,
    2496.0304731829992,
    -454.5635867583742,
    -3875.5285140440046
  ],
  "primary": 38470170.027198754
}
