{
  "gradient": [
    0,
    0,
    0,
    0,
    0,
    0,
    0,
    0,
    0,
    0,
    0,
    0,
    0,
    0,
    0,
    0,
    0,
    0,
    0,
    0,
    0,
    0,
    0,
    0,
    0,
    135.51213823657582,
    0,
    0,
    0,
    0,
    0,
    0,
    0,
    0,
    0,
    -189.71699353120616
  ],
  "primary": 1147.7212255905522,
  "secondary": []
}
