{
  "gradient": [
    0,
    0,
    0,
    0,
    0,
    0,
    0,
    0,
    0,
    0,
    0,
    0,
    0,
    0,
    0,
    0,
    0,
    0,
    0,
    0,
    0,
    0,
    0,
    0,
    0,
    0,
    0,
    0,
    -0.9997271741412345,
    0.023357595843357216,
    1,
    0,
    0,
    0.9997271741412345,
    -0.023357595843357216,
    -1
  ],
  "primary": 457.89609587519146,
  "secondary": []
}
