{
  "gradient": [
    0,
    0,
    0,
    0,
    0,
    0,
    -386.77216957378465,
    -867.0992798722044,
    386.77216957378465,
    867.0992798722044,
    0,
    0,
    0,
    0,
    0,
    0,
    0,
    0,
    0,
    0,
    0,
    0,
    0,
    0,
    0,
    0,
    0,
    0,
    0,
    0,
    0,
    0,
    0,
    0,
    0,
    0
  ],
  "primary": 225363.46807792695
}
