{
  "gradient": [
    0,
    -0.9371742617994874,
    -0.3488615814625994,
    0.9371742617994874,
    0.3488615814625994,
    0,
    0,
    0,
    0,
    0,
    0,
    0,
    0,
    0,
    0,
    0,
    0,
    0,
    0,
    0,
    0,
    0,
    0,
    0,
    0,
    0,
    0,
    0,
    0,
    0,
    0,
    0,
    0,
    0,
    0,
    0
  ],
  "primary": 378.3666818205174
}
