{
  "gradient": [
    0,
    0,
    0,
    1455.1193576313499,
    210.43607406831873,
    1807.2717114214815,
    0,
    0,
    596.917619090841,
    713.6914282024201,
    930.4117898386114,
    0,
    0,
    491.93319812808744,
    406.8105914247204,
    638.3518847123888,
    0,
    0,
    268.5694519698861,
    -540.174388448835,
    603.2560985746252,
    0,
    0,
    -3221.9080977235208,
    -1123.371778561696,
    -1685.772598065867,
    0,
    0,
    -760.5026500979735,
    133.36379702411455,
    -1241.6079832870141,
    0,
    0,
    1169.8711210013298,
    199.2442762909572,
    -1186.7167822979563
  ],
  "primary": 1308856.070522713,
  "secondary": []
}
