{
  "gradient": [
    0,
    -709.1910314493298,
    -263.99519798532367,
    709.1910314493298,
    263.99519798532367,
    0,
    0,
    0,
    0,
    0,
    0,
    0,
    0,
    0,
    0,
    0,
    0,
    0,
    0,
    0,
    0,
    0,
    0,
    0,
    0,
    0,
    0,
    0,
    0,
    0,
    0,
    0,
    0,
    0,
    0,
    0
  ],
  "primary": 143161.34591186864
}
