{
  "gradient": [
    0,
    0,
    0,
    0,
    0,
    0,
    0,
    0,
    0,
    0,
    0,
    0,
    0,
    0,
    0,
    0,
    0,
    0,
    0,
    0,
    0,
    0,
    0,
    0,
    0,
    0,
    0,
    0,
    -0.5212356596796937,
    -0.853412741183415,
    -0.9999999999999998,
    0.5212356596796937,
    0.853412741183415,
    0,
    0,
    0
  ],
  "primary": 222.9386434022669
}
