{
  "gradient": [
    0,
    0,
    0,
    0,
    0,
    0,
    0,
    0,
    0,
    0,
    0,
    0,
    0,
    0,
    0,
    0,
    0,
    0,
    0,
    0,
    0,
    0,
    0,
    -1169.8711210013298,
    -199.2442762909572,
    1186.7167822979563,
    0,
    0,
    0,
    0,
    0,
    0,
    0,
    1169.8711210013298,
    199.2442762909572,
    -1186.7167822979563
  ],
  "primary": 352074.1803469038,
  "secondary": []
}
