{
  "gradient": [
    0,
    0,
    0,
    0,
    0,
    0,
    0,
    0,
    0,
    0,
    0,
    0,
    0,
    0,
    0,
    0,
    0,
    0,
    0,
    0,
    0,
    0,
    0,
    0,
    0,
    0,
    0,
    0,
    -0.9997271741412345,
    0.023357595843357216,
    0,
    0,
    0,
    0.9997271741412345,
    -0.023357595843357216,
    0
  ],
  "primary": 375.5461636544897
}
