{
  "gradient": [
    0,
    0,
    0,
    0,
    0,
    0,
    0,
    0,
    0,
    0,
    0,
    0,
    0,
    0,
    0,
    0,
    0,
    0,
    0,
    0,
    0,
    0,
    0,
    0,
    0,
    0,
    0,
    0,
    -0.5212356596796937,
    -0.853412741183415,
    -2.220446049250313e-16,
    0.5212356596796937,
    0.853412741183415,
    0,
    0,
    0
  ],
  "primary": 308.5574168510244
}
