{
  "gradient": [
    0,
    0,
    0,
    0,
    0,
    0,
    -386.77216957378465,
    0,
    386.77216957378465,
    0,
    0,
    0,
    0,
    0,
    0,
    0,
    0,
    0,
    0,
    0,
    0,
    0,
    0,
    0,
    0,
    0,
    0,
    0,
    0,
    0,
    0,
    0,
    0,
    0,
    0,
    0
  ],
  "primary": 37398.17778920311
}
