{
  "gradient": [
    0,
    0,
    0,
    0,
    0,
    0,
    0,
    0,
    0,
    0,
    0,
    0,
    0,
    0,
    0,
    0,
    0,
    0,
    0,
    0,
    0,
    0,
    0,
    -0.9858048175032912,
    -0.16789538941645446,
    1,
    0,
    0,
    0,
    0,
    0,
    0,
    0,
    0.9858048175032912,
    0.16789538941645446,
    -1
  ],
  "primary": 593.3583911489782
}
