{
  "gradient": [
    0,
    0,
    0,
    0,
    0,
    0,
    0,
    0,
    0,
    0,
    0,
    0,
    0,
    0,
    0,
    0,
    0,
    0,
    0,
    0,
    0,
    0,
    0,
    0,
    0,
    0,
    0,
    0,
    -750.8874098997692,
    17.543711022329717,
    0,
    0,
    0,
    750.8874098997692,
    -17.543711022329717,
    0
  ],
  "primary": 141034.92103560476
}
