{
  "gradient": [
    0,
    0,
    0,
    0,
    0,
    0,
    0,
    0,
    0,
    0,
    0,
    0,
    0,
    0,
    0,
    0,
    0,
    0,
    0,
    0,
    0,
    0,
    0,
    0,
    0,
    0,
    0,
    0,
    0,
    17.543711022329717,
    0,
    0,
    0,
    0,
    -17.543711022329717,
    0
  ],
  "primary": 76.9454491087533,
  "secondary": []
}
