{
  "gradient": [
    0,
    0,
    0,
    0,
    0,
    0,
    0,
    0,
    0,
    0,
    0,
    0,
    0,
    0,
    0,
    0,
    0,
    0,
    0,
    0,
    0,
    0,
    0,
    0,
    0,
    0,
    0,
    0,
    -321.6622574428119,
    -526.6536618546128,
    0,
    321.6622574428119,
    526.6536618546128,
    0,
    0,
    0
  ],
  "primary": 95207.67949377683,
  "secondary": []
}
