{
  "gradient": [
    0,
    0,
    0,
    0,
    0,
    0,
    0,
    0,
    0,
    0,
    0,
    0,
    0,
    0,
    0,
    0,
    0,
    0,
    0,
    0,
    0,
    0,
    0,
    -0.6849117672242371,
    -0.7286259798540486,
    -1,
    0,
    0,
    0,
    0,
    0,
    0.6849117672242371,
    0.7286259798540486,
    0,
    0,
    0
  ],
  "primary": 475.8339619210257
}
