{
  "gradient": [
    0,
    0,
    0,
    0,
    0,
    0,
    0,
    0,
    0,
    0,
    0,
    0,
    0,
    0,
    0,
    0,
    0,
    0,
    0,
    0,
    0,
    0,
    0,
    -0.9858048175032912,
    -0.16789538941645446,
    0,
    0,
    0,
    0,
    0,
    0,
    0,
    0,
    0.9858048175032912,
    0.16789538941645446,
    0
  ],
  "primary": 568.1118373781838,
  "secondary": []
}
