{
  "gradient": [
    0,
    0,
    0,
    0,
    0,
    0,
    0,
    0,
    0,
    0,
    0,
    0,
    0,
    0,
    0,
    0,
    0,
    0,
    0,
    0,
    0,
    0,
    0,
    -0.6849117672242371,
    -0.7286259798540486,
    0,
    0,
    0,
    0,
    0,
    0,
    0.6849117672242371,
    0.7286259798540486,
    0,
    0,
    0
  ],
  "primary": 504.3493569198758
}
