{
  "gradient": [
    0,
    0,
    0,
    0,
    0,
    0,
    0,
    0,
    0,
    0,
    0,
    0,
    0,
    0,
    0,
    0,
    0,
    0,
    0,
    0,
    0,
    0,
    0,
    0,
    0,
    0,
    0,
    0,
    -750.8874098997692,
    0,
    0,
    0,
    0,
    750.8874098997692,
    0,
    0
  ],
  "primary": 140957.975586496,
  "secondary": []
}
