{
  "gradient": [
    0,
    0,
    0,
    0,
    0,
    0,
    0,
    0,
    0,
    0,
    0,
    0,
    0,
    0,
    0,
    0,
    0,
    0,
    268.5694519698861,
    -540.174388448835,
    603.2560985746252,
    0,
    0,
    0,
    0,
    0,
    0,
    0,
    -268.5694519698861,
    540.174388448835,
    -603.2560985746252,
    0,
    0,
    0,
    0,
    0
  ],
  "primary": 90979.48011686947,
  "secondary": []
}
