{
  "gradient": [
    0,
    0,
    0,
    0,
    0,
    0,
    0,
    0,
    0,
    0,
    0,
    0,
    0,
    0,
    0,
    0,
    0,
    0,
    0,
    0,
    0,
    0,
    0,
    0,
    0,
    0,
    0,
    0,
    -0.9999999451539834,
    0,
    0,
    0.9999999451539834,
    0,
    0,
    0,
    0
  ],
  "primary": 160.83113754235313
}
