{
  "gradient": [
    0,
    0,
    0,
    0,
    0,
    0,
    0,
    0,
    0,
    0,
    0,
    0,
    0,
    0,
    0,
    0,
    0,
    0,
    0,
    0,
    0,
    0,
    0,
    0,
    0,
    0,
    0,
    0,
    -321.6622574428119,
    0,
    0,
    321.6622574428119,
    0,
    0,
    0,
    0
  ],
  "primary": 25866.654803167312
}
