{
  "gradient": [
    0,
    0,
    0,
    0,
    0,
    0,
    0,
    0,
    0,
    0,
    0,
    0,
    0,
    0,
    0,
    0,
    0,
    0,
    0,
    0,
    0,
    0,
    0,
    0,
    0,
    0,
    0,
    0,
    0,
    -526.6536618546128,
    0,
    0,
    526.6536618546128,
    0,
    0,
    0
  ],
  "primary": 69341.02469060951
}
