{
  "gradient": [
    0,
    0,
    0,
    0,
    0,
    0,
    0,
    0,
    0,
    0,
    0,
    0,
    0,
    0,
    0,
    0,
    0,
    0,
    0,
    0,
    0,
    0,
    0,
    -1120.0947723361198,
    -190.76671633741523,
    0,
    0,
    0,
    0,
    0,
    0,
    0,
    0,
    1120.0947723361198,
    190.76671633741523,
    0
  ],
  "primary": 322751.059769216,
  "secondary": []
}
