{
  "gradient": [
    0,
    0,
    0,
    1455.1193576313499,
    210.43607406831873,
    1807.2717114214815,
    0,
    0,
    596.917619090841,
    713.6914282024201,
    930.4117898386114,
    0,
    0,
    491.93319812808744,
    406.8105914247204,
    638.3518847123888,
    0,
    0,
    0,
    0,
    0,
    0,
    0,
    -2052.036976722191,
    -924.1275022707388,
    -2872.4893803638233,
    0,
    0,
    -491.93319812808744,
    -406.8105914247204,
    -638.3518847123888,
    0,
    0,
    0,
    0,
    0
  ],
  "primary": 865802.4100589397
}
