{
  "gradient": [
    0,
    0,
    0,
    0,
    0,
    0,
    0,
    0,
    0,
    0,
    0,
    0,
    0,
    0,
    0,
    0,
    0,
    0,
    0.44519972960814247,
    -0.8954312931525438,
    1,
    0,
    0,
    0,
    0,
    0,
    0,
    0,
    -0.44519972960814247,
    0.8954312931525438,
    -1,
    0,
    0,
    0,
    0,
    0
  ],
  "primary": 301.6280492873126,
  "secondary": []
}
