{
  "gradient": [
    0,
    0,
    0,
    0,
    0,
    0,
    0,
    0,
    0,
    0,
    0,
    0,
    0,
    0,
    0,
    0,
    0,
    0,
    0,
    0,
    0,
    0,
    0,
    0,
    0,
    0,
    0,
    0,
    0,
    -0.9999999653567897,
    0,
    0,
    0.9999999653567897,
    0,
    0,
    0
  ],
  "primary": 288.6568400497935
}
