{
  "gradient": [
    0,
    0,
    0,
    0,
    0,
    0,
    0,
    0,
    0,
    0,
    0,
    0,
    0,
    0,
    0,
    0,
    0,
    0,
    0,
    0,
    0,
    0,
    0,
    0,
    0,
    0,
    0,
    0,
    -0.9999999451539835,
    0,
    0,
    0.9999999451539835,
    0,
    0,
    0,
    0
  ],
  "primary": 182.32863754235314,
  "secondary": []
}
