{
  "gradient": [
    0,
    0,
    0,
    0,
    0,
    0,
    0,
    0,
    0,
    0,
    0,
    0,
    0,
    0,
    0,
    0,
    0,
    0,
    0,
    0,
    0,
    0,
    0,
    0,
    -190.76671633741523,
    0,
    0,
    0,
    0,
    0,
    0,
    0,
    0,
    0,
    190.76671633741523,
    0
  ],
  "primary": 9097.985015539962
}
