{
  "gradient": [
    0,
    0,
    0,
    0,
    0,
    0,
    0,
    0,
    0,
    0,
    0,
    0,
    0,
    0,
    0,
    0,
    0,
    0,
    0,
    0,
    0,
    0,
    0,
    -1120.0947723361198,
    0,
    0,
    0,
    0,
    0,
    0,
    0,
    0,
    0,
    1120.0947723361198,
    0,
    0
  ],
  "primary": 313653.074753676
}
