{
  "gradient": [
    0,
    0,
    0,
    0,
    0,
    0,
    0,
    0,
    0,
    0,
    0,
    0,
    0,
    0,
    0,
    0,
    0,
    0,
    0.9889516205595903,
    0.14823774449726024,
    -1,
    0,
    0,
    0,
    0,
    0,
    -0.9889516205595903,
    -0.14823774449726024,
    0,
    0,
    0,
    0,
    0,
    0,
    0,
    0
  ],
  "primary": 32.673478955614485
}
