{
  "gradient": [
    0,
    0,
    0,
    0,
    0,
    0,
    0,
    0,
    0,
    0,
    0,
    0,
    0,
    0,
    0,
    0,
    0,
    0,
    0,
    0,
    0,
    0,
    0,
    -690.8696186927995,
    -734.9640887490077,
    0,
    0,
    0,
    0,
    0,
    0,
    690.8696186927995,
    734.9640887490077,
    0,
    0,
    0
  ],
  "primary": 254368.27382549224
}
