{
  "gradient": [
    0,
    0,
    0,
    0,
    0,
    0,
    0,
    0,
    0,
    0,
    0,
    0,
    0,
    0,
    0,
    0,
    0,
    0,
    0,
    0,
    0,
    0,
    0,
    0,
    -0.9999999745425334,
    0,
    0,
    0,
    0,
    0,
    0,
    0,
    0.9999999745425334,
    0,
    0,
    0
  ],
  "primary": 367.48205372966595
}
