{
  "gradient": [
    0,
    0,
    0,
    0,
    0,
    0,
    0,
    0,
    0,
    0,
    0,
    0,
    0,
    0,
    0,
    0,
    0,
    0,
    0.44519972960814247,
    -0.8954312931525438,
    0,
    0,
    0,
    0,
    0,
    0,
    0,
    0,
    -0.44519972960814247,
    0.8954312931525438,
    0,
    0,
    0,
    0,
    0,
    0
  ],
  "primary": 357.77514016376847
}
