{
  "gradient": [
    0,
    0,
    0,
    0,
    0,
    0,
    0,
    0,
    0,
    0,
    0,
    0,
    0,
    491.93319812808744,
    406.8105914247204,
    638.3518847123888,
    0,
    0,
    0,
    0,
    0,
    0,
    0,
    0,
    0,
    0,
    0,
    0,
    -491.93319812808744,
    -406.8105914247204,
    -638.3518847123888,
    0,
    0,
    0,
    0,
    0
  ],
  "primary": 101873.28217896474
}
