{
  "gradient": [
    0,
    0,
    0,
    0,
    0,
    0,
    0,
    0,
    0,
    0,
    0,
    0,
    0,
    0,
    0,
    0,
    0,
    0,
    0,
    0,
    0,
    0,
    0,
    0,
    -734.9640887490077,
    0,
    0,
    0,
    0,
    0,
    0,
    0,
    734.9640887490077,
    0,
    0,
    0
  ],
  "primary": 135043.05981337308,
  "secondary": []
}
