{
  "gradient": [
    0,
    0,
    0,
    0,
    0,
    0,
    0,
    0,
    0,
    0,
    0,
    0,
    0,
    0,
    0,
    0,
    0,
    0,
    0,
    0,
    0,
    0,
    0,
    -0.9999999727470184,
    0,
    0,
    0,
    0,
    0,
    0,
    0,
    0.9999999727470184,
    0,
    0,
    0,
    0
  ],
  "primary": 345.43481876052846,
  "secondary": []
}
