{
  "gradient": [
    0,
    0,
    0,
    0,
    0,
    0,
    0,
    0,
    0,
    0,
    0,
    0,
    0,
    0,
    0,
    0,
    0,
    0,
    0,
    0,
    0,
    0,
    0,
    -690.8696186927995,
    0,
    0,
    0,
    0,
    0,
    0,
    0,
    690.8696186927995,
    0,
    0,
    0,
    0
  ],
  "primary": 119325.21401211915,
  "secondary": []
}
