{
  "gradient": [
    0,
    0,
    0,
    0,
    0,
    0,
    0,
    0,
    0,
    0,
    0,
    0,
    0,
    0,
    0,
    0,
    0,
    0,
    318.56279132285,
    -640.7261128293516,
    0,
    0,
    0,
    0,
    0,
    0,
    0,
    0,
    -318.56279132285,
    640.7261128293516,
    0,
    0,
    0,
    0,
    0,
    0
  ],
  "primary": 128003.05091920416,
  "secondary": []
}
