{
  "gradient": [
    0,
    0,
    0,
    0,
    0,
    0,
    0,
    0,
    0,
    0,
    0,
    0,
    0,
    0.7706301334877852,
    0.6372826667661677,
    1,
    0,
    0,
    0,
    0,
    0,
    0,
    0,
    0,
    0,
    0,
    0,
    0,
    -0.7706301334877852,
    -0.6372826667661677,
    -1,
    0,
    0,
    0,
    0,
    0
  ],
  "primary": 319.1759423561944
}
