{
  "gradient": [
    0,
    0,
    0,
    0,
    0,
    0,
    0,
    0,
    0,
    0,
    0,
    0,
    0,
    0,
    0,
    0,
    0,
    0,
    0,
    0,
    0,
    0,
    0,
    -0.9999999727470185,
    0,
    0,
    0,
    0,
    0,
    0,
    0,
    0.9999999727470185,
    0,
    0,
    0,
    0
  ],
  "primary": 366.93231876052846,
  "secondary": []
}
