{
  "gradient": [
    0,
    0,
    0,
    0,
    0,
    0,
    0,
    0,
    0,
    0,
    0,
    0,
    0,
    0,
    0,
    0,
    0,
    0,
    113.02760020034435,
    16.942139707659777,
    0,
    0,
    0,
    0,
    0,
    0,
    -113.02760020034435,
    -16.942139707659777,
    0,
    0,
    0,
    0,
    0,
    0,
    0,
    0
  ],
  "primary": 3265.569486051622,
  "secondary": []
}
