{
  "gradient": [
    0,
    0,
    0,
    0,
    0,
    0,
    0,
    0,
    0,
    0,
    0,
    0,
    0,
    0.2955727423005926,
    0.9553202152134224,
    -1.0000000000000002,
    0,
    0,
    0,
    0,
    0,
    0,
    0,
    0,
    0,
    0,
    -0.2955727423005926,
    -0.9553202152134224,
    0,
    0,
    0,
    0,
    0,
    0,
    0,
    0
  ],
  "primary": 538.9399493620499
}
