{
  "gradient": [
    0,
    0,
    0,
    0,
    0,
    0,
    0,
    0,
    0,
    0,
    0,
    0,
    0,
    0,
    0,
    0,
    0,
    0,
    318.56279132285,
    0,
    0,
    0,
    0,
    0,
    0,
    0,
    0,
    0,
    -318.56279132285,
    0,
    0,
    0,
    0,
    0,
    0,
    0
  ],
  "primary": 25370.563003851417,
  "secondary": []
}
