{
  "gradient": [
    0,
    0,
    0,
    0,
    0,
    0,
    0,
    0,
    0,
    0,
    0,
    0,
    0,
    0,
    0,
    0,
    0,
    0,
    0,
    -640.7261128293516,
    0,
    0,
    0,
    0,
    0,
    0,
    0,
    0,
    0,
    640.7261128293516,
    0,
    0,
    0,
    0,
    0,
    0
  ],
  "primary": 102632.48791535274
}
