{
  "gradient": [
    0,
    0,
    0,
    1455.1193576313499,
    210.43607406831873,
    1807.2717114214815,
    0,
    0,
    0,
    0,
    0,
    0,
    0,
    0,
    0,
    0,
    0,
    0,
    0,
    0,
    0,
    0,
    0,
    -1455.1193576313499,
    -210.43607406831873,
    -1942.077590525212,
    0,
    0,
    0,
    0,
    0,
    0,
    0,
    0,
    0,
    0
  ],
  "primary": 547512.6032123029
}
