{
  "gradient": [
    0,
    0,
    0,
    0,
    0,
    0,
    0,
    0,
    596.917619090841,
    713.6914282024201,
    930.4117898386114,
    0,
    0,
    0,
    0,
    0,
    0,
    0,
    0,
    0,
    0,
    0,
    0,
    -596.917619090841,
    -713.6914282024201,
    -930.4117898386114,
    0,
    0,
    0,
    0,
    0,
    0,
    0,
    0,
    0,
    0
  ],
  "primary": 216416.5246676721
}
