{
  "gradient": [
    0,
    0,
    0,
    0,
    0,
    0,
    0,
    0,
    0,
    0,
    0,
    0,
    0,
    0.7706301334877852,
    0.6372826667661677,
    0,
    0,
    0,
    0,
    0,
    0,
    0,
    0,
    0,
    0,
    0,
    0,
    0,
    -0.7706301334877852,
    -0.6372826667661677,
    0,
    0,
    0,
    0,
    0,
    0
  ],
  "primary": 356.62253884619764
}
