{
  "gradient": [
    0,
    0,
    0,
    0,
    0,
    0,
    0,
    0,
    0,
    0,
    0,
    0,
    0,
    0,
    0,
    0,
    0,
    0,
    0.9999998720397798,
    0,
    0,
    0,
    0,
    0,
    0,
    0,
    -0.9999998720397798,
    0,
    0,
    0,
    0,
    0,
    0,
    0,
    0,
    0
  ],
  "primary": 56.513807331691396,
  "secondary": []
}
