{
  "gradient": [
    0,
    0,
    0,
    0,
    0,
    0,
    0,
    0,
    0,
    0,
    0,
    0,
    0,
    0,
    0,
    0,
    0,
    0,
    0,
    16.942139707659777,
    0,
    0,
    0,
    0,
    0,
    0,
    0,
    -16.942139707659777,
    0,
    0,
    0,
    0,
    0,
    0,
    0,
    0
  ],
  "primary": 71.75906692808597
}
