{
  "gradient": [
    0,
    0,
    0,
    0,
    0,
    0,
    0,
    0,
    0,
    0,
    0,
    0,
    0,
    0,
    0,
    0,
    0,
    0,
    0,
    0,
    0,
    0,
    0,
    0,
    0,
    0,
    0,
    -1372.2808038982616,
    0,
    0,
    0,
    0,
    0,
    0,
    0,
    0
  ],
  "primary": 470788.6511869148
}
