{
  "gradient": [
    0,
    0,
    0,
    0,
    0,
    0,
    0,
    0,
    0,
    0,
    0,
    0,
    0,
    549.6481494315963,
    454.53872516965214,
    0,
    0,
    0,
    0,
    0,
    0,
    0,
    0,
    0,
    0,
    0,
    0,
    0,
    -549.6481494315963,
    -454.53872516965214,
    0,
    0,
    0,
    0,
    0,
    0
  ],
  "primary": 127179.63521310774
}
