{
  "gradient": [
    0,
    0,
    0,
    0,
    0,
    0,
    0,
    0,
    0,
    0,
    0,
    0,
    0,
    0.2955727423005926,
    0.9553202152134224,
    2.220446049250313e-16,
    0,
    0,
    0,
    0,
    0,
    0,
    0,
    0,
    0,
    0,
    -0.2955727423005926,
    -0.9553202152134224,
    0,
    0,
    0,
    0,
    0,
    0,
    0,
    0
  ],
  "primary": 582.1121263208041
}
