{
  "gradient": [
    0,
    0,
    0,
    0,
    0,
    0,
    0,
    0,
    0,
    0,
    0,
    0,
    0,
    0,
    0,
    0,
    0,
    0,
    0,
    0.9999997041514855,
    0,
    0,
    0,
    0,
    0,
    0,
    0,
    -0.9999997041514855,
    0,
    0,
    0,
    0,
    0,
    0,
    0,
    0
  ],
  "primary": 33.80107235998412
}
