{
  "gradient": [
    0,
    0,
    0,
    0,
    0,
    0,
    0,
    0,
    0,
    0,
    0,
    0,
    0,
    0,
    0,
    0,
    0,
    0,
    0.9999998720397799,
    0,
    0,
    0,
    0,
    0,
    0,
    0,
    -0.9999998720397799,
    0,
    0,
    0,
    0,
    0,
    0,
    0,
    0,
    0
  ],
  "primary": 78.1492773316914,
  "secondary": []
}
