{
  "gradient": [
    0,
    0,
    0,
    0,
    0,
    0,
    0,
    0,
    0,
    0,
    0,
    0,
    0,
    0,
    454.53872516965214,
    0,
    0,
    0,
    0,
    0,
    0,
    0,
    0,
    0,
    0,
    0,
    0,
    0,
    0,
    -454.53872516965214,
    0,
    0,
    0,
    0,
    0,
    0
  ],
  "primary": 51651.36316971314
}
