{
  "gradient": [
    0,
    0,
    0,
    1455.1193576313499,
    210.43607406831873,
    1470.2570136621553,
    0,
    0,
    0,
    0,
    0,
    0,
    0,
    0,
    0,
    0,
    0,
    0,
    0,
    0,
    0,
    0,
    0,
    -1455.1193576313499,
    -210.43607406831873,
    -1470.2570136621553,
    0,
    0,
    0,
    0,
    0,
    0,
    0,
    0,
    0,
    0
  ],
  "primary": 540413.9215556898,
  "secondary": []
}
