{
  "gradient": [
    0,
    0,
    0,
    0,
    0,
    0,
    0,
    0,
    -0.9999999169857525,
    0,
    -1,
    0,
    0,
    0,
    0,
    0,
    0,
    0,
    0,
    0,
    0,
    0.9999999169857525,
    0,
    0,
    0,
    0,
    0,
    0,
    0,
    0,
    0,
    0,
    0,
    0,
    0,
    0
  ],
  "primary": 83.63572362124097
}
