{
  "gradient": [
    0,
    0,
    0,
    0,
    0,
    0,
    0,
    0,
    0,
    0,
    0,
    0,
    0,
    549.6481494315963,
    0,
    0,
    0,
    0,
    0,
    0,
    0,
    0,
    0,
    0,
    0,
    0,
    0,
    0,
    -549.6481494315963,
    0,
    0,
    0,
    0,
    0,
    0,
    0
  ],
  "primary": 75528.2720433946,
  "secondary": []
}
