{
  "gradient": [
    0,
    0,
    0,
    0,
    0,
    0,
    0,
    0,
    0,
    0,
    0,
    0,
    0,
    0,
    0,
    0,
    0,
    0,
    0,
    0.9999997041514854,
    0,
    0,
    0,
    0,
    0,
    0,
    0,
    -0.9999997041514854,
    0,
    0,
    0,
    0,
    0,
    0,
    0,
    0
  ],
  "primary": 8.471072359984063
}
