{
  "gradient": [
    0,
    0,
    0,
    0,
    0,
    0,
    0,
    0,
    0,
    0,
    0,
    0,
    0,
    344.1129550061381,
    1112.2069635902672,
    0,
    0,
    0,
    0,
    0,
    0,
    0,
    0,
    0,
    0,
    0,
    -344.1129550061381,
    -1112.2069635902672,
    0,
    0,
    0,
    0,
    0,
    0,
    0,
    0
  ],
  "primary": 338854.52760972787
}
