{
  "gradient": [
    0,
    0,
    0,
    0,
    0,
    0,
    0,
    0,
    -0.9999999169857525,
    0,
    0,
    0,
    0,
    0,
    0,
    0,
    0,
    0,
    0,
    0,
    0,
    0.9999999169857525,
    0,
    0,
    0,
    0,
    0,
    0,
    0,
    0,
    0,
    0,
    0,
    0,
    0,
    0
  ],
  "primary": 98.81043964788705
}
