{
  "gradient": [
    0,
    0,
    0,
    0,
    0,
    0,
    0,
    0,
    0,
    0,
    0,
    0,
    0,
    0,
    1112.2069635902672,
    0,
    0,
    0,
    0,
    0,
    0,
    0,
    0,
    0,
    0,
    0,
    0,
    -1112.2069635902672,
    0,
    0,
    0,
    0,
    0,
    0,
    0,
    0
  ],
  "primary": 309251.09310220985
}
