{
  "gradient": [
    0,
    0,
    0,
    0,
    0,
    0,
    0,
    0,
    607.6197582684897,
    726.4872056266995,
    0,
    0,
    0,
    0,
    0,
    0,
    0,
    0,
    0,
    0,
    0,
    0,
    0,
    -607.6197582684897,
    -726.4872056266995,
    0,
    0,
    0,
    0,
    0,
    0,
    0,
    0,
    0,
    0,
    0
  ],
  "primary": 224246.35764438706,
  "secondary": []
}
