{
  "gradient": [
    0,
    0,
    0,
    -0.6969874435417482,
    0.7170832752849963,
    1,
    0,
    0,
    0,
    0,
    0,
    0,
    0,
    0,
    0,
    0,
    0,
    0,
    0,
    0,
    0,
    0.6969874435417482,
    -0.7170832752849963,
    0,
    0,
    0,
    0,
    0,
    0,
    0,
    0,
    0,
    0,
    0,
    0,
    0
  ],
  "primary": -238.9149343030328
}
