{
  "gradient": [
    0,
    0,
    0,
    0,
    0,
    0,
    0,
    0,
    0,
    0,
    0,
    0,
    0,
    0,
    0.9999999828011287,
    0,
    0,
    0,
    0,
    0,
    0,
    0,
    0,
    0,
    0,
    0,
    0,
    -0.9999999828011287,
    0,
    0,
    0,
    0,
    0,
    0,
    0,
    0
  ],
  "primary": 581.433491359486
}
