{
  "gradient": [
    0,
    0,
    0,
    0,
    0,
    0,
    0,
    0,
    0,
    0,
    0,
    0,
    0,
    0,
    0,
    0,
    0,
    0,
    0,
    0,
    0,
    0,
    0,
    0,
    0,
    0,
    0,
    -708.3282575493197,
    0,
    708.3282575493197,
    0,
    0,
    0,
    0,
    0,
    0
  ],
  "primary": 125432.23011071383
}
