{
  "gradient": [
    0,
    0,
    0,
    0.9897040749405438,
    0.1431287673603127,
    1,
    0,
    0,
    0,
    0,
    0,
    0,
    0,
    0,
    0,
    0,
    0,
    0,
    0,
    0,
    0,
    0,
    0,
    -0.9897040749405438,
    -0.1431287673603127,
    -1,
    0,
    0,
    0,
    0,
    0,
    0,
    0,
    0,
    0,
    0
  ],
  "primary": 735.1285068310776,
  "secondary": []
}
