{
  "gradient": [
    0,
    0,
    0,
    0,
    0,
    0,
    0,
    0,
    0,
    0,
    0,
    0,
    0,
    0,
    0.9999999828011288,
    0,
    0,
    0,
    0,
    0,
    0,
    0,
    0,
    0,
    0,
    0,
    0,
    -0.9999999828011288,
    0,
    0,
    0,
    0,
    0,
    0,
    0,
    0
  ],
  "primary": 556.1034913594859
}
