{
  "gradient": [
    0,
    0,
    0,
    0,
    0,
    0,
    0,
    0,
    -197.62086289042554,
    0,
    0,
    0,
    0,
    0,
    0,
    0,
    0,
    0,
    0,
    0,
    0,
    197.62086289042554,
    0,
    0,
    0,
    0,
    0,
    0,
    0,
    0,
    0,
    0,
    0,
    0,
    0,
    0
  ],
  "primary": 9763.502983408729,
  "secondary": []
}
