{
  "gradient": [
    0,
    0,
    0,
    0.9897040749405438,
    0.1431287673603127,
    0,
    0,
    0,
    0,
    0,
    0,
    0,
    0,
    0,
    0,
    0,
    0,
    0,
    0,
    0,
    0,
    0,
    0,
    -0.9897040749405438,
    -0.1431287673603127,
    0,
    0,
    0,
    0,
    0,
    0,
    0,
    0,
    0,
    0,
    0
  ],
  "primary": 676.5955116116218
}
