{
  "gradient": [
    0,
    0,
    0,
    0,
    0,
    0,
    0,
    0,
    607.6197582684897,
    0,
    0,
    0,
    0,
    0,
    0,
    0,
    0,
    0,
    0,
    0,
    0,
    0,
    0,
    -607.6197582684897,
    0,
    0,
    0,
    0,
    0,
    0,
    0,
    0,
    0,
    0,
    0,
    0
  ],
  "primary": 92300.44265956446,
  "secondary": []
}
