{
  "gradient": [
    0,
    0,
    0,
    0,
    0,
    0,
    0,
    0,
    0,
    0,
    0,
    0,
    0,
    0,
    0,
    0,
    0,
    0,
    0,
    0,
    0,
    0,
    0,
    -0.8709384825629388,
    -0.4913920630117725,
    -1,
    0,
    0,
    0.8709384825629388,
    0.4913920630117725,
    -1,
    0,
    0,
    0,
    0,
    0
  ],
  "primary": 97.82532687166699,
  "secondary": []
}
