{
  "gradient": [
    0,
    0,
    0,
    1339.258669857008,
    193.6805631569831,
    0,
    0,
    0,
    0,
    0,
    0,
    0,
    0,
    0,
    0,
    0,
    0,
    0,
    0,
    0,
    0,
    0,
    0,
    -1339.258669857008,
    -193.6805631569831,
    0,
    0,
    0,
    0,
    0,
    0,
    0,
    0,
    0,
    0,
    0
  ],
  "primary": 457781.48633299215
}
