{
  "gradient": [
    0,
    0,
    0,
    0,
    0,
    0,
    0,
    0,
    -0.9999999169857524,
    0,
    0,
    0,
    0,
    0,
    0,
    0,
    0,
    0,
    0,
    0,
    0,
    0.9999999169857524,
    0,
    0,
    0,
    0,
    0,
    0,
    0,
    0,
    0,
    0,
    0,
    0,
    0,
    0
  ],
  "primary": 120.46123964788706,
  "secondary": []
}
