{
  "gradient": [
    0,
    0,
    0,
    0,
    0,
    0,
    0,
    0,
    0,
    0,
    0,
    0,
    0,
    0.20644099270974173,
    0.9784590520451105,
    -1,
    0,
    0,
    -0.20644099270974173,
    -0.9784590520451105,
    -1,
    0,
    0,
    0,
    0,
    0,
    0,
    0,
    0,
    0,
    0,
    0,
    0,
    0,
    0,
    0
  ],
  "primary": 492.0447833966954,
  "secondary": []
}
