{
  "gradient": [
    0,
    0,
    0,
    0,
    0,
    0,
    0,
    0,
    0,
    0,
    0,
    0,
    0,
    0,
    0,
    0,
    0,
    0,
    0,
    0,
    0,
    0,
    0,
    -0.8709384825629388,
    -0.4913920630117725,
    0,
    0,
    0,
    0.8709384825629388,
    0.4913920630117725,
    0,
    0,
    0,
    0,
    0,
    0
  ],
  "primary": 211.9594953192746,
  "secondary": []
}
