{
  "gradient": [
    0,
    0,
    0,
    0,
    193.6805631569831,
    0,
    0,
    0,
    0,
    0,
    0,
    0,
    0,
    0,
    0,
    0,
    0,
    0,
    0,
    0,
    0,
    0,
    0,
    0,
    -193.6805631569831,
    0,
    0,
    0,
    0,
    0,
    0,
    0,
    0,
    0,
    0,
    0
  ],
  "primary": 9378.040136201531,
  "secondary": []
}
