{
  "gradient": [
    0,
    0,
    0,
    447.4148140575769,
    -460.3148639882454,
    0,
    0,
    0,
    0,
    0,
    0,
    0,
    0,
    0,
    0,
    0,
    0,
    0,
    0,
    0,
    0,
    -447.4148140575769,
    460.3148639882454,
    0,
    0,
    0,
    0,
    0,
    0,
    0,
    0,
    0,
    0,
    0,
    0,
    0
  ],
  "primary": 103017.45568779018,
  "secondary": []
}
