{
  "gradient": [
    0,
    0,
    0,
    -0.8083650806039624,
    0.588681489822934,
    1,
    0,
    0,
    0.8083650806039624,
    -0.588681489822934,
    1,
    0,
    0,
    0,
    0,
    0,
    0,
    0,
    0,
    0,
    0,
    0,
    0,
    0,
    0,
    0,
    0,
    0,
    0,
    0,
    0,
    0,
    0,
    0,
    0,
    0
  ],
  "primary": -355.319271662986,
  "secondary": []
}
