{
  "gradient": [
    0,
    0,
    0,
    0,
    -460.3148639882454,
    0,
    0,
    0,
    0,
    0,
    0,
    0,
    0,
    0,
    0,
    0,
    0,
    0,
    0,
    0,
    0,
    0,
    460.3148639882454,
    0,
    0,
    0,
    0,
    0,
    0,
    0,
    0,
    0,
    0,
    0,
    0,
    0
  ],
  "primary": 52972.44764890406,
  "secondary": []
}
