{
  "gradient": [
    0,
    0,
    0,
    0,
    0,
    0,
    0,
    0,
    0,
    0,
    0,
    0,
    0,
    0,
    0,
    0,
    0,
    0,
    0,
    0,
    0,
    0,
    0,
    -369.20736243635065,
    -208.31042735974495,
    0,
    0,
    0,
    369.20736243635065,
    208.31042735974495,
    0,
    0,
    0,
    0,
    0,
    0
  ],
  "primary": 44926.82765600159
}
