{
  "gradient": [
    0,
    0,
    0,
    0,
    0,
    0,
    0,
    0,
    0,
    0,
    0,
    0,
    0,
    0.20644099270974173,
    0.9784590520451105,
    0,
    0,
    0,
    -0.20644099270974173,
    -0.9784590520451105,
    0,
    0,
    0,
    0,
    0,
    0,
    0,
    0,
    0,
    0,
    0,
    0,
    0,
    0,
    0,
    0
  ],
  "primary": 559.6886429277513
}
