{
  "gradient": [
    3854983706865.18,
    -612871.2781135202,
    -228140.32782457303,
    1855626095.2031457,
    438576.4018928917,
    1854711419.6956177,
    -399388.48771573557,
    -895383.6323569748,
    996306.1068065765,
    1609075.0605593948,
    -50008.02494107373,
    -442543.2184100306,
    -356104.21180604893,
    934476.416538118,
    762914.8032307695,
    70324.85205750237,
    566681.018427872,
    267732.4124938743,
    -298111.56645798584,
    -807906.8009427094,
    -23487.8853185114,
    851842.0057635627,
    707395.6736701084,
    -4073750.1034870837,
    -1830767.4522318044,
    -2657528.919558221,
    137720.04253178823,
    -19569075.449987706,
    -1813765.0325889797,
    755940.5648593805,
    -350235.4874897987,
    -410617.0122224519,
    632417.1591579235,
    2496030.4731829995,
    -454563.5867583742,
    -3875528.514044005
  ],
  "primary": 38549837068.6518
}
