{
  "gradient": [
    0,
    0,
    0,
    0.8083650806039624,
    -0.588681489822934,
    0,
    0,
    0,
    -0.8083650806039624,
    0.588681489822934,
    0,
    0,
    0,
    0,
    0,
    0,
    0,
    0,
    0,
    0,
    0,
    0,
    0,
    0,
    0,
    0,
    0,
    0,
    0,
    0,
    0,
    0,
    0,
    0,
    0,
    0
  ],
  "primary": 452.54237790793803
}
