{
  "gradient": [
    0,
    0,
    0,
    0,
    0,
    0,
    0,
    0,
    0,
    0,
    0,
    0,
    0,
    231.08535810874628,
    1095.2648379990037,
    0,
    0,
    0,
    -231.08535810874628,
    -1095.2648379990037,
    0,
    0,
    0,
    0,
    0,
    0,
    0,
    0,
    0,
    0,
    0,
    0,
    0,
    0,
    0,
    0
  ],
  "primary": 313251.37702230783
}
