{
  "gradient": [
    0,
    0,
    0,
    0,
    0,
    0,
    0,
    0,
    0,
    0,
    0,
    0,
    0,
    0,
    0,
    0,
    0,
    0,
    0,
    0,
    0,
    0,
    0,
    0,
    -208.31042735974495,
    0,
    0,
    0,
    0,
    208.31042735974495,
    0,
    0,
    0,
    0,
    0,
    0
  ],
  "primary": 10848.308536699895
}
