{
  "gradient": [
    0,
    0,
    0,
    0,
    0,
    0,
    0,
    0,
    0,
    0,
    0,
    0,
    0,
    0,
    0,
    0,
    0,
    0,
    0,
    0,
    0,
    0,
    0,
    0,
    0,
    0,
    0,
    0,
    449.3814967869913,
    0,
    -449.3814967869913,
    0,
    0,
    0,
    0,
    0
  ],
  "primary": 50485.93241362917
}
