{
  "gradient": [
    0,
    0,
    0,
    0,
    0,
    0,
    0,
    0,
    0,
    0,
    0,
    0,
    0,
    0,
    0,
    0,
    0,
    0,
    0,
    0,
    0,
    0,
    0,
    -369.20736243635065,
    0,
    0,
    0,
    0,
    369.20736243635065,
    0,
    0,
    0,
    0,
    0,
    0,
    0
  ],
  "primary": 34078.519119301694
}
