{
  "gradient": [
    0,
    0,
    0,
    731.6389115885183,
    -532.8066424697164,
    0,
    0,
    0,
    -731.6389115885183,
    532.8066424697164,
    0,
    0,
    0,
    0,
    0,
    0,
    0,
    0,
    0,
    0,
    0,
    0,
    0,
    0,
    0,
    0,
    0,
    0,
    0,
    0,
    0,
    0,
    0,
    0,
    0,
    0
  ],
  "primary": 204794.603802571,
  "secondary": []
}
