{
  "gradient": [
    0,
    0,
    0,
    0,
    0,
    0,
    0,
    0,
    0,
    0,
    0,
    0,
    0,
    0,
    0,
    0,
    0,
    0,
    0,
    0,
    0,
    0,
    0,
    0,
    0,
    0,
    0,
    0,
    -808.1434094179787,
    0,
    -808.1434094179787,
    0,
    0,
    0,
    0,
    0
  ],
  "primary": 163273.94254642868,
  "secondary": []
}
