{
  "gradient": [
    0,
    0,
    0,
    0,
    0,
    0,
    0,
    0,
    0,
    0,
    0,
    0,
    0,
    0,
    0,
    0,
    0,
    0,
    0,
    0,
    0,
    0,
    0,
    0,
    0,
    0,
    0,
    0,
    0,
    534.1499067535431,
    -534.1499067535431,
    0,
    0,
    0,
    0,
    0
  ],
  "primary": 71329.03072120469,
  "secondary": []
}
