{
  "gradient": [
    0,
    0,
    0,
    0,
    -532.8066424697164,
    0,
    0,
    0,
    0,
    532.8066424697164,
    0,
    0,
    0,
    0,
    0,
    0,
    0,
    0,
    0,
    0,
    0,
    0,
    0,
    0,
    0,
    0,
    0,
    0,
    0,
    0,
    0,
    0,
    0,
    0,
    0,
    0
  ],
  "primary": 70970.72956496305,
  "secondary": []
}
