{
  "gradient": [
    0,
    0,
    0,
    0,
    0,
    0,
    0,
    0,
    0,
    0,
    0,
    0,
    0,
    0,
    0,
    0,
    0,
    0,
    0,
    0,
    0,
    0,
    0,
    0,
    0,
    0,
    0,
    0,
    0,
    -523.3749994514269,
    -523.3749994514269,
    0,
    0,
    0,
    0,
    0
  ],
  "primary": 68480.34751269528,
  "secondary": []
}
