{
  "gradient": [
    0,
    0,
    0,
    731.6389115885183,
    0,
    0,
    0,
    0,
    -731.6389115885183,
    0,
    0,
    0,
    0,
    0,
    0,
    0,
    0,
    0,
    0,
    0,
    0,
    0,
    0,
    0,
    0,
    0,
    0,
    0,
    0,
    0,
    0,
    0,
    0,
    0,
    0,
    0
  ],
  "primary": 133823.87423760793,
  "secondary": []
}
