{
  "gradient": [
    0,
    0,
    0,
    0,
    0,
    0,
    0,
    0,
    0,
    0,
    0,
    0,
    0,
    0,
    0,
    0,
    0,
    0,
    0,
    0,
    0,
    0,
    0,
    0,
    0,
    0,
    162.2642366594672,
    0,
    -162.2642366594672,
    0,
    0,
    0,
    0,
    0,
    0,
    0
  ],
  "primary": 6582.420624669895,
  "secondary": []
}
