{
  "gradient": [
    0,
    0,
    0,
    0,
    0,
    0,
    0,
    0,
    0,
    0,
    0,
    0,
    0,
    0,
    0,
    0,
    0,
    0,
    0,
    0,
    0,
    0,
    0,
    0,
    0,
    0,
    0,
    -18967.889386043847,
    0,
    0,
    0,
    0,
    0,
    0,
    0,
    0
  ],
  "primary": 79667.04145304758
}
