{
  "gradient": [
    0,
    -709.1910314493298,
    -263.99519798532367,
    709.1910314493298,
    263.99519798532367,
    0,
    -386.77216957378465,
    -867.0992798722044,
    386.77216957378465,
    867.0992798722044,
    0,
    0,
    0,
    0,
    0,
    0,
    0,
    0,
    0,
    0,
    0,
    0,
    0,
    0,
    0,
    0,
    0,
    0,
    0,
    0,
    0,
    0,
    0,
    0,
    0,
    0
  ],
  "primary": 368524.8139897956,
  "secondary": []
}
