{
  "gradient": [
    0,
    0,
    0,
    1853558.1045674006,
    0,
    1853558.1045674006,
    0,
    0,
    0,
    0,
    0,
    0,
    0,
    0,
    0,
    0,
    0,
    0,
    0,
    0,
    0,
    0,
    0,
    0,
    0,
    0,
    0,
    0,
    0,
    0,
    0,
    0,
    0,
    0,
    0,
    0
  ],
  "primary": 35858733.87373836
}
