{
  "gradient": [
    0,
    0,
    0,
    0,
    0,
    0,
    0,
    0,
    0,
    0,
    0,
    0,
    0,
    0,
    0,
    0,
    0,
    0,
    0,
    0,
    0,
    0,
    0,
    0,
    0,
    0,
    0,
    0,
    0,
    0,
    0,
    -410.6170122224519,
    632.4171591579236,
    410.6170122224519,
    -632.4171591579236,
    -754.0277142942901
  ],
  "primary": 142139.44848096793
}
