{
  "gradient": [
    0,
    0,
    0,
    154.76713154177548,
    0,
    154.76713154177548,
    0,
    0,
    0,
    0,
    0,
    0,
    0,
    0,
    0,
    0,
    0,
    0,
    0,
    0,
    0,
    0,
    0,
    0,
    0,
    0,
    0,
    0,
    0,
    0,
    0,
    0,
    0,
    0,
    0,
    0
  ],
  "primary": 5988.216251417309,
  "secondary": []
}
