{
  "gradient": [
    0,
    0,
    0,
    0,
    0,
    0,
    0,
    0,
    0,
    0,
    0,
    0,
    0,
    0,
    0,
    0,
    0,
    0,
    0,
    0,
    0,
    0,
    0,
    0,
    0,
    0,
    0,
    -33.6008038982618,
    0,
    0,
    0,
    0,
    0,
    0,
    0,
    0
  ],
  "primary": 282.25350565236135,
  "secondary": []
}
