{
  "gradient": [
    0,
    -612.8712781135202,
    -228.14032782457298,
    2067.99063574487,
    438.5764018928917,
    1153.3151282170584,
    -399.3884877157355,
    -895.3836323569744,
    996.3061068065765,
    1609.0750605593946,
    -50.0080249410737,
    -442.5432184100306,
    -356.1042118060491,
    934.476416538118,
    762.9148032307694,
    70.32485205750231,
    566.6810184278719,
    267.73241249387434,
    -298.1115664579858,
    -807.9068009427092,
    -23.487885318511417,
    851.8420057635627,
    707.3956736701084,
    -4073.7501034870834,
    -1830.7674522318043,
    -2657.528919558221,
    0,
    0,
    -1676.0449900571914,
    154.75450091552227,
    266.5233742992042,
    0,
    0,
    2085.4134609605476,
    177.85357239954945,
    -3121.500799749715
  ],
  "primary": 2374198.8315806063,
  "secondary": []
}
