{
  "gradient": [
    0,
    0,
    0,
    0,
    0,
    0,
    0,
    0,
    0,
    0,
    0,
    0,
    0,
    0,
    0,
    0,
    0,
    0,
    0,
    0,
    0,
    0,
    0,
    0,
    0,
    0,
    137.72004253178827,
    -601.1860639438582,
    -137.72004253178827,
    601.1860639438581,
    -616.7588617890028,
    0,
    0,
    0,
    0,
    0
  ],
  "primary": 95097.87339881658
}
