{
  "gradient": [
    0,
    0,
    0,
    0,
    0,
    0,
    -1104.7763900571392,
    0,
    0,
    0,
    0,
    0,
    0,
    0,
    0,
    0,
    0,
    0,
    0,
    0,
    0,
    0,
    0,
    0,
    0,
    0,
    0,
    0,
    0,
    0,
    0,
    0,
    0,
    0,
    0,
    0
  ],
  "primary": 305132.71800692106,
  "secondary": []
}
