{
  "gradient": [
    0,
    0,
    0,
    0,
    0,
    0,
    0,
    325.80495204580825,
    0,
    0,
    0,
    0,
    0,
    0,
    0,
    0,
    0,
    0,
    0,
    0,
    0,
    0,
    0,
    0,
    0,
    0,
    0,
    0,
    0,
    0,
    0,
    0,
    0,
    0,
    0,
    0
  ],
  "primary": 26537.216694392853
}
