{
  "gradient": [
    0,
    0,
    0,
    0,
    0,
    0,
    0,
    -1012.8750479541918,
    0,
    0,
    0,
    0,
    0,
    0,
    0,
    0,
    0,
    0,
    0,
    0,
    0,
    0,
    0,
    0,
    0,
    0,
    0,
    0,
    0,
    0,
    0,
    0,
    0,
    0,
    0,
    0
  ],
  "primary": 256478.9656920516,
  "secondary": []
}
