{
  "gradient": [
    0,
    0,
    0,
    0,
    0,
    0,
    0,
    0,
    828.6820074633532,
    0,
    -828.6820074633532,
    0,
    0,
    0,
    0,
    0,
    0,
    0,
    0,
    0,
    0,
    0,
    0,
    0,
    0,
    0,
    0,
    0,
    0,
    0,
    0,
    0,
    0,
    0,
    0,
    0
  ],
  "primary": 171678.46737337325,
  "secondary": []
}
