{
  "gradient": [
    0,
    0,
    0,
    0,
    0,
    0,
    0,
    0,
    -710.6191284300625,
    0,
    -710.6191284300625,
    0,
    0,
    0,
    0,
    0,
    0,
    0,
    0,
    0,
    0,
    0,
    0,
    0,
    0,
    0,
    0,
    0,
    0,
    0,
    0,
    0,
    0,
    0,
    0,
    0
  ],
  "primary": 126244.88642267541,
  "secondary": []
}
