{
  "gradient": [
    0,
    0,
    0,
    0,
    0,
    0,
    0,
    0,
    0,
    0,
    0,
    0,
    0,
    0,
    0,
    0,
    0,
    0,
    0,
    0,
    0,
    0,
    0,
    0,
    0,
    0,
    0,
    0,
    0,
    0,
    0,
    -0.544564880624788,
    0.8387187197088846,
    0.544564880624788,
    -0.8387187197088846,
    -1
  ],
  "primary": 346.35385714714505,
  "secondary": []
}
