{
  "gradient": [
    0,
    0,
    0,
    0,
    0,
    0,
    0,
    0,
    0,
    0,
    0,
    -442.5432184100306,
    -356.1042118060491,
    442.5432184100306,
    356.104211806049,
    -568.0270326548865,
    0,
    0,
    0,
    0,
    0,
    0,
    0,
    0,
    0,
    0,
    0,
    0,
    0,
    0,
    0,
    0,
    0,
    0,
    0,
    0
  ],
  "primary": 80663.67745667888,
  "secondary": []
}
