{
  "gradient": [
    0,
    0,
    0,
    0,
    0,
    0,
    0,
    0,
    0,
    0,
    0,
    0,
    0,
    0,
    0,
    0,
    0,
    0,
    0,
    0,
    0,
    0,
    0,
    0,
    0,
    0,
    0,
    0,
    0,
    0,
    0,
    -0.544564880624788,
    0.8387187197088846,
    0.544564880624788,
    -0.8387187197088846,
    0
  ],
  "primary": 354.62269837520086,
  "secondary": []
}
