{
  "gradient": [
    0,
    0,
    0,
    1426.5735706685518,
    0,
    -1426.5735706685518,
    0,
    0,
    0,
    0,
    0,
    0,
    0,
    0,
    0,
    0,
    0,
    0,
    0,
    0,
    0,
    0,
    0,
    0,
    0,
    0,
    0,
    0,
    0,
    0,
    0,
    0,
    0,
    0,
    0,
    0
  ],
  "primary": 508778.03813250543
}
