{
  "gradient": [
    0,
    0,
    0,
    0,
    526.6608090116845,
    -526.6608090116845,
    0,
    0,
    0,
    0,
    0,
    0,
    0,
    0,
    0,
    0,
    0,
    0,
    0,
    0,
    0,
    0,
    0,
    0,
    0,
    0,
    0,
    0,
    0,
    0,
    0,
    0,
    0,
    0,
    0,
    0
  ],
  "primary": 69342.9019372105
}
