{
  "gradient": [
    0,
    0,
    0,
    0,
    0,
    0,
    0,
    -867.0992798722044,
    0,
    867.0992798722044,
    0,
    0,
    0,
    0,
    0,
    0,
    0,
    0,
    0,
    0,
    0,
    0,
    0,
    0,
    0,
    0,
    0,
    0,
    0,
    0,
    0,
    0,
    0,
    0,
    0,
    0
  ],
  "primary": 187965.29028872386
}
