{
  "gradient": [
    0,
    -612.8712781135202,
    -228.14032782457298,
    2067.99063574487,
    438.5764018928917,
    1153.3151282170584,
    0,
    0,
    596.917619090841,
    713.6914282024201,
    930.4117898386114,
    0,
    0,
    491.93319812808744,
    406.8105914247204,
    638.3518847123888,
    0,
    0,
    268.5694519698861,
    -540.174388448835,
    603.2560985746252,
    0,
    0,
    -3221.9080977235208,
    -1123.371778561696,
    -1550.2604598292912,
    0,
    0,
    -1676.0449900571914,
    154.75450091552227,
    266.5233742992042,
    0,
    0,
    2085.4134609605476,
    177.85357239954945,
    -3121.500799749715
  ],
  "primary": 1648516.5350065902,
  "secondary": []
}
