{
  "gradient": [
    0,
    0,
    0,
    0,
    0,
    0,
    -399.3884877157355,
    -895.3836323569744,
    399.3884877157355,
    895.3836323569745,
    -980.4198147796851,
    0,
    0,
    0,
    0,
    0,
    0,
    0,
    0,
    0,
    0,
    0,
    0,
    0,
    0,
    0,
    0,
    0,
    0,
    0,
    0,
    0,
    0,
    0,
    0,
    0
  ],
  "primary": 240305.753303158,
  "secondary": []
}
