{
  "gradient": [
    0,
    0,
    0,
    0,
    0,
    0,
    0,
    0,
    0,
    0,
    0,
    0,
    0,
    0,
    0,
    0,
    0,
    0,
    0,
    0,
    0,
    0,
    0,
    0,
    0,
    0,
    0.2232964146349034,
    -0.9747505892335728,
    -0.2232964146349034,
    0.9747505892335728,
    0,
    0,
    0,
    0,
    0,
    0
  ],
  "primary": 363.3382043432589
}
