{
  "gradient": [
    0,
    0,
    0,
    0,
    0,
    0,
    0,
    0,
    0,
    0,
    0,
    0,
    0,
    0,
    0,
    0,
    0,
    0,
    0,
    0,
    0,
    0,
    0,
    0,
    0,
    0,
    0,
    0,
    0,
    0,
    0,
    -386.2301348150629,
    594.8573911219167,
    386.2301348150629,
    -594.8573911219167,
    0
  ],
  "primary": 125757.25820290868
}
