{
  "gradient": [
    0,
    -612.8712781135202,
    -228.14032782457298,
    612.8712781135202,
    228.14032782457298,
    -653.956583204423,
    0,
    0,
    0,
    0,
    0,
    0,
    0,
    0,
    0,
    0,
    0,
    0,
    0,
    0,
    0,
    0,
    0,
    0,
    0,
    0,
    0,
    0,
    0,
    0,
    0,
    0,
    0,
    0,
    0,
    0
  ],
  "primary": 106914.80317910087,
  "secondary": []
}
