{
  "gradient": [
    0,
    0,
    0,
    0,
    0,
    0,
    -0.4073647652719912,
    -0.9132655408011932,
    0.4073647652719912,
    0.913265540801193,
    -1,
    0,
    0,
    0,
    0,
    0,
    0,
    0,
    0,
    0,
    0,
    0,
    0,
    0,
    0,
    0,
    0,
    0,
    0,
    0,
    0,
    0,
    0,
    0,
    0,
    0
  ],
  "primary": 490.20990738984256,
  "secondary": []
}
