{
  "gradient": [
    0,
    0,
    0,
    0,
    0,
    0,
    0,
    0,
    0,
    0,
    0,
    0,
    0,
    0,
    0,
    0,
    0,
    0,
    0,
    0,
    0,
    0,
    0,
    0,
    0,
    0,
    162.2642366594672,
    -708.3282575493198,
    -162.2642366594672,
    708.3282575493198,
    0,
    0,
    0,
    0,
    0,
    0
  ],
  "primary": 132014.65073538377
}
