{
  "gradient": [
    0,
    0,
    0,
    0,
    0,
    0,
    0,
    0,
    0,
    0,
    0,
    0,
    0,
    0,
    0,
    0,
    0,
    0,
    0,
    0,
    0,
    0,
    0,
    0,
    0,
    0,
    0,
    0,
    0,
    0,
    0,
    -386.2301348150629,
    0,
    386.2301348150629,
    0,
    0
  ],
  "primary": 37293.42925981542,
  "secondary": []
}
