{
  "gradient": [
    0,
    0,
    0,
    0,
    0,
    0,
    0,
    0,
    0,
    0,
    0,
    0,
    0,
    0,
    0,
    0,
    0,
    0,
    0,
    0,
    0,
    0,
    0,
    0,
    0,
    0,
    0,
    0,
    0,
    0,
    592.3391658358353,
    0,
    0,
    0,
    0,
    -829.2748321701694
  ],
  "primary": 21929.105461443323,
  "secondary": []
}
