{
  "gradient": [
    0,
    -0.9371742617994874,
    -0.34886158146259927,
    0.9371742617994874,
    0.3488615814625994,
    -1,
    0,
    0,
    0,
    0,
    0,
    0,
    0,
    0,
    0,
    0,
    0,
    0,
    0,
    0,
    0,
    0,
    0,
    0,
    0,
    0,
    0,
    0,
    0,
    0,
    0,
    0,
    0,
    0,
    0,
    0
  ],
  "primary": 326.9782916022115
}
