{
  "gradient": [
    0,
    0,
    0,
    0,
    0,
    0,
    0,
    0,
    0,
    0,
    0,
    0,
    0,
    0,
    0,
    0,
    0,
    0,
    0,
    0,
    0,
    0,
    0,
    0,
    0,
    0,
    0,
    -708.3282575493198,
    0,
    708.3282575493198,
    0,
    0,
    0,
    0,
    0,
    0
  ],
  "primary": 125432.23011071388,
  "secondary": []
}
