{
  "gradient": [
    -2.220446049250313e-16
  ],
  "primary": 308.5574168510244
}
